sample_id,waste_type,mass_kg,doc_fraction,temperature_c,moisture_percent,ch4_yield_kg,co2e_yield_kg
SAMP_0001,organic,23.99,0.15,42.7,17.1,1.271496,35.601888
SAMP_0002,textile,31.06,0.24,39.1,36.9,2.284144,63.956032
SAMP_0003,metal,18.99,0.0,35.1,69.5,0.0,0.0
SAMP_0004,organic,46.45,0.15,41.6,38.8,2.471126,69.191528
SAMP_0005,plastic,37.33,0.0,32.9,10.8,0.0,0.0
SAMP_0006,mixed,28.96,0.12,33.5,15.2,1.156705,32.38774
SAMP_0007,paper,15.06,0.4,25.1,15.8,1.946291,54.496148
SAMP_0008,metal,11.73,0.0,32.3,69.8,0.0,0.0
SAMP_0009,wood,40.59,0.43,43.4,63.1,5.583478,156.337384
SAMP_0010,paper,18.62,0.4,37.9,38.7,2.586372,72.418416
SAMP_0011,inert,12.18,0.0,36.8,12.2,0.0,0.0
SAMP_0012,inert,42.17,0.0,29.4,72.6,0.0,0.0
SAMP_0013,plastic,25.75,0.0,28.2,33.6,0.0,0.0
SAMP_0014,mixed,34.19,0.12,30.7,42.4,1.44732,40.52496
SAMP_0015,plastic,30.39,0.0,38.4,33.3,0.0,0.0
SAMP_0016,metal,44.42,0.0,28.1,15.9,0.0,0.0
SAMP_0017,inert,24.46,0.0,36.8,78.4,0.0,0.0
SAMP_0018,inert,4.06,0.0,36.8,15.4,0.0,0.0
SAMP_0019,mixed,3.93,0.12,29.1,28.6,0.166161,4.652508
SAMP_0020,textile,26.81,0.24,37.0,33.4,2.20027,61.60756
SAMP_0021,plastic,13.49,0.0,35.3,76.2,0.0,0.0
SAMP_0022,wood,32.54,0.43,42.5,56.7,4.563762,127.785336
SAMP_0023,metal,25.04,0.0,41.5,12.5,0.0,0.0
SAMP_0024,textile,27.56,0.24,26.2,44.6,2.134584,59.768352
SAMP_0025,metal,46.66,0.0,42.7,44.4,0.0,0.0
SAMP_0026,plastic,22.91,0.0,25.8,52.0,0.0,0.0
SAMP_0027,inert,36.55,0.0,38.0,43.9,0.0,0.0
SAMP_0028,inert,37.95,0.0,30.9,23.2,0.0,0.0
SAMP_0029,plastic,41.37,0.0,42.7,30.3,0.0,0.0
SAMP_0030,glass,27.0,0.0,38.5,14.8,0.0,0.0
SAMP_0031,glass,47.41,0.0,25.3,42.6,0.0,0.0
SAMP_0032,organic,44.53,0.15,41.6,71.5,2.411369,67.518332
SAMP_0033,plastic,49.72,0.0,30.2,34.9,0.0,0.0
SAMP_0034,inert,27.78,0.0,42.9,52.9,0.0,0.0
SAMP_0035,organic,41.88,0.15,43.3,69.5,2.206857,61.791996
SAMP_0036,paper,12.2,0.4,34.4,77.3,1.627968,45.583104
SAMP_0037,mixed,26.94,0.12,31.1,22.9,1.008512,28.238336
SAMP_0038,glass,36.41,0.0,36.9,74.8,0.0,0.0
SAMP_0039,plastic,45.93,0.0,33.1,53.1,0.0,0.0
SAMP_0040,metal,44.94,0.0,26.7,26.1,0.0,0.0
SAMP_0041,wood,29.59,0.43,44.2,34.3,3.884163,108.756564
SAMP_0042,paper,21.68,0.4,26.5,73.9,2.616608,73.265024
SAMP_0043,wood,0.43,0.43,31.1,13.9,0.067775,1.8977
SAMP_0044,inert,6.49,0.0,31.3,26.8,0.0,0.0
SAMP_0045,wood,48.46,0.43,43.3,57.4,6.531206,182.873768
SAMP_0046,paper,8.77,0.4,36.7,17.8,1.190564,33.335792
SAMP_0047,plastic,0.81,0.0,37.6,68.8,0.0,0.0
SAMP_0048,textile,13.36,0.24,25.3,34.5,1.164891,32.616948
SAMP_0049,wood,30.22,0.43,43.5,47.9,4.645954,130.086712
SAMP_0050,organic,25.89,0.15,33.3,38.0,1.28532,35.98896
SAMP_0051,glass,13.68,0.0,40.2,10.8,0.0,0.0
SAMP_0052,organic,42.85,0.15,35.6,74.6,2.067054,57.877512
SAMP_0053,metal,15.54,0.0,28.4,52.4,0.0,0.0
SAMP_0054,plastic,27.89,0.0,25.7,47.5,0.0,0.0
SAMP_0055,plastic,19.7,0.0,38.6,49.9,0.0,0.0
SAMP_0056,wood,44.94,0.43,34.6,19.7,5.845882,163.684696
SAMP_0057,mixed,35.1,0.12,29.1,24.2,1.365056,38.221568
SAMP_0058,inert,16.35,0.0,29.8,18.4,0.0,0.0
SAMP_0059,paper,11.55,0.4,29.5,19.1,1.389972,38.919216
SAMP_0060,plastic,13.91,0.0,36.1,20.2,0.0,0.0
SAMP_0061,inert,44.22,0.0,39.7,37.8,0.0,0.0
SAMP_0062,textile,14.15,0.24,43.8,21.8,1.044098,29.234744
SAMP_0063,organic,13.73,0.15,43.1,47.0,0.622206,17.421768
SAMP_0064,metal,33.16,0.0,41.9,21.3,0.0,0.0
SAMP_0065,glass,1.24,0.0,32.2,79.7,0.0,0.0
SAMP_0066,wood,36.9,0.43,38.6,63.0,5.335371,149.390388
SAMP_0067,wood,2.77,0.43,26.4,73.0,0.370204,10.365712
SAMP_0068,plastic,5.58,0.0,29.3,44.2,0.0,0.0
SAMP_0069,organic,12.31,0.15,34.1,17.9,0.663244,18.570832
SAMP_0070,wood,16.36,0.43,44.0,47.9,2.491895,69.77306
SAMP_0071,organic,16.14,0.15,39.9,20.9,0.730388,20.450864
SAMP_0072,paper,49.31,0.4,38.9,74.8,7.228213,202.389964
SAMP_0073,organic,38.33,0.15,30.7,77.1,1.761669,49.326732
SAMP_0074,organic,24.94,0.15,38.5,14.7,1.2467,34.9076
SAMP_0075,inert,25.1,0.0,32.2,41.6,0.0,0.0
SAMP_0076,glass,9.43,0.0,26.2,77.8,0.0,0.0
SAMP_0077,inert,44.29,0.0,30.6,26.1,0.0,0.0
SAMP_0078,inert,29.04,0.0,25.9,37.5,0.0,0.0
SAMP_0079,plastic,49.13,0.0,37.1,13.7,0.0,0.0
SAMP_0080,paper,6.25,0.4,30.0,10.9,0.838315,23.47282
SAMP_0081,textile,11.14,0.24,30.2,45.7,0.927215,25.96202
SAMP_0082,glass,21.91,0.0,33.4,35.0,0.0,0.0
SAMP_0083,glass,25.42,0.0,44.5,29.7,0.0,0.0
SAMP_0084,inert,42.45,0.0,40.2,31.7,0.0,0.0
SAMP_0085,textile,17.3,0.24,25.3,67.7,1.512768,42.357504
SAMP_0086,paper,25.57,0.4,40.5,55.0,3.466373,97.058444
SAMP_0087,inert,7.3,0.0,39.2,24.5,0.0,0.0
SAMP_0088,inert,48.38,0.0,44.8,49.9,0.0,0.0
SAMP_0089,glass,47.75,0.0,28.8,48.1,0.0,0.0
SAMP_0090,paper,5.99,0.4,39.6,16.1,0.83457,23.36796
SAMP_0091,glass,39.46,0.0,33.8,77.4,0.0,0.0
SAMP_0092,glass,5.88,0.0,37.0,12.7,0.0,0.0
SAMP_0093,plastic,7.66,0.0,30.2,43.3,0.0,0.0
SAMP_0094,textile,33.68,0.24,39.5,70.4,2.450461,68.612908
SAMP_0095,inert,29.46,0.0,35.1,59.5,0.0,0.0
SAMP_0096,inert,22.96,0.0,38.3,60.2,0.0,0.0
SAMP_0097,inert,35.86,0.0,32.1,12.4,0.0,0.0
SAMP_0098,wood,1.49,0.43,26.0,78.6,0.208399,5.835172
SAMP_0099,textile,11.21,0.24,28.4,61.9,0.858918,24.049704
SAMP_0100,metal,47.71,0.0,42.2,49.1,0.0,0.0
SAMP_0101,plastic,0.73,0.0,38.6,29.2,0.0,0.0
SAMP_0102,textile,21.04,0.24,26.7,27.2,1.566653,43.866284
SAMP_0103,mixed,40.32,0.12,27.7,24.6,1.50886,42.24808
SAMP_0104,inert,2.35,0.0,43.7,13.9,0.0,0.0
SAMP_0105,metal,17.76,0.0,41.0,30.5,0.0,0.0
SAMP_0106,mixed,28.31,0.12,42.3,25.4,1.172145,32.82006
SAMP_0107,wood,3.06,0.43,28.1,46.3,0.40011,11.20308
SAMP_0108,organic,0.95,0.15,43.9,78.5,0.051103,1.430884
SAMP_0109,wood,38.87,0.43,26.1,38.6,5.891574,164.964072
SAMP_0110,glass,19.57,0.0,44.1,53.9,0.0,0.0
SAMP_0111,inert,36.19,0.0,33.7,12.5,0.0,0.0
SAMP_0112,inert,40.4,0.0,45.0,72.9,0.0,0.0
SAMP_0113,mixed,11.87,0.12,39.7,13.6,0.480703,13.459684
SAMP_0114,wood,2.53,0.43,31.6,34.5,0.336751,9.429028
SAMP_0115,metal,1.98,0.0,35.4,71.5,0.0,0.0
SAMP_0116,glass,47.17,0.0,34.9,14.6,0.0,0.0
SAMP_0117,textile,35.83,0.24,42.6,26.7,2.674794,74.894232
SAMP_0118,glass,12.0,0.0,39.4,11.1,0.0,0.0
SAMP_0119,inert,20.63,0.0,29.3,33.6,0.0,0.0
SAMP_0120,plastic,42.27,0.0,31.5,58.6,0.0,0.0
SAMP_0121,glass,37.42,0.0,29.8,56.2,0.0,0.0
SAMP_0122,plastic,0.17,0.0,27.3,66.5,0.0,0.0
SAMP_0123,paper,24.4,0.4,25.1,62.7,3.523746,98.664888
SAMP_0124,wood,16.99,0.43,40.4,74.3,2.528541,70.799148
SAMP_0125,glass,25.55,0.0,44.0,22.7,0.0,0.0
SAMP_0126,textile,17.35,0.24,32.4,33.7,1.308373,36.634444
SAMP_0127,plastic,1.99,0.0,41.6,69.9,0.0,0.0
SAMP_0128,paper,39.25,0.4,43.8,12.3,5.190565,145.33582
SAMP_0129,metal,12.52,0.0,32.7,60.9,0.0,0.0
SAMP_0130,wood,42.42,0.43,42.9,40.5,6.157345,172.40566
SAMP_0131,plastic,15.96,0.0,37.3,69.7,0.0,0.0
SAMP_0132,glass,11.94,0.0,30.0,63.5,0.0,0.0
SAMP_0133,textile,27.58,0.24,37.0,19.4,2.263295,63.37226
SAMP_0134,mixed,39.02,0.12,36.8,78.9,1.597311,44.724708
SAMP_0135,metal,29.11,0.0,26.3,24.1,0.0,0.0
SAMP_0136,plastic,7.56,0.0,26.4,21.5,0.0,0.0
SAMP_0137,mixed,22.73,0.12,26.3,43.0,0.882669,24.714732
SAMP_0138,organic,44.05,0.15,38.7,65.8,1.987077,55.638156
SAMP_0139,inert,7.5,0.0,44.4,51.4,0.0,0.0
SAMP_0140,wood,32.41,0.43,38.5,54.7,4.469348,125.141744
SAMP_0141,inert,2.83,0.0,44.7,43.4,0.0,0.0
SAMP_0142,organic,45.94,0.15,27.3,66.9,2.2276,62.3728
SAMP_0143,wood,46.79,0.43,29.8,72.0,6.847212,191.721936
SAMP_0144,inert,45.59,0.0,38.8,66.3,0.0,0.0
SAMP_0145,glass,13.94,0.0,39.7,63.9,0.0,0.0
SAMP_0146,metal,39.7,0.0,37.5,32.0,0.0,0.0
SAMP_0147,metal,17.44,0.0,42.2,41.9,0.0,0.0
SAMP_0148,organic,43.76,0.15,42.6,74.4,2.130485,59.65358
SAMP_0149,paper,18.6,0.4,40.5,57.3,2.240576,62.736128
SAMP_0150,textile,1.02,0.24,41.2,51.7,0.07575,2.121
SAMP_0151,wood,0.54,0.43,42.3,74.0,0.069786,1.954008
SAMP_0152,plastic,2.18,0.0,29.3,13.7,0.0,0.0
SAMP_0153,plastic,3.4,0.0,30.6,69.4,0.0,0.0
SAMP_0154,plastic,21.67,0.0,37.3,75.6,0.0,0.0
SAMP_0155,metal,37.18,0.0,29.8,70.3,0.0,0.0
SAMP_0156,organic,46.96,0.15,36.2,45.8,2.373426,66.455928
SAMP_0157,metal,12.3,0.0,43.0,24.4,0.0,0.0
SAMP_0158,plastic,19.56,0.0,37.3,48.3,0.0,0.0
SAMP_0159,wood,16.97,0.43,32.2,49.8,2.622738,73.436664
SAMP_0160,paper,14.56,0.4,31.6,75.9,1.835858,51.404024
SAMP_0161,metal,10.51,0.0,28.5,16.5,0.0,0.0
SAMP_0162,textile,27.85,0.24,36.7,70.2,2.294623,64.249444
SAMP_0163,wood,4.81,0.43,33.4,50.7,0.68234,19.10552
SAMP_0164,wood,3.64,0.43,33.6,62.2,0.517474,14.489272
SAMP_0165,mixed,40.64,0.12,38.1,48.6,1.658269,46.431532
SAMP_0166,wood,29.79,0.43,41.1,79.5,4.369044,122.333232
SAMP_0167,metal,28.05,0.0,31.2,17.9,0.0,0.0
SAMP_0168,textile,16.8,0.24,27.2,69.8,1.362305,38.14454
SAMP_0169,metal,43.92,0.0,25.1,77.5,0.0,0.0
SAMP_0170,textile,30.2,0.24,31.9,62.0,2.63195,73.6946
SAMP_0171,mixed,29.18,0.12,42.8,60.0,1.144193,32.037404
SAMP_0172,textile,48.66,0.24,25.7,76.8,3.59141,100.55948
SAMP_0173,glass,46.72,0.0,44.9,74.5,0.0,0.0
SAMP_0174,wood,37.32,0.43,39.0,14.2,5.793487,162.217636
SAMP_0175,textile,28.69,0.24,27.7,52.6,2.372639,66.433892
SAMP_0176,inert,36.06,0.0,33.3,76.5,0.0,0.0
SAMP_0177,inert,29.62,0.0,39.2,74.8,0.0,0.0
SAMP_0178,metal,2.08,0.0,36.3,19.6,0.0,0.0
SAMP_0179,metal,44.41,0.0,37.4,73.7,0.0,0.0
SAMP_0180,wood,26.5,0.43,44.9,37.6,3.581606,100.284968
SAMP_0181,metal,42.16,0.0,30.0,73.6,0.0,0.0
SAMP_0182,paper,3.03,0.4,42.1,52.3,0.438122,12.267416
SAMP_0183,plastic,1.77,0.0,34.5,46.4,0.0,0.0
SAMP_0184,wood,49.19,0.43,42.3,75.4,7.453554,208.699512
SAMP_0185,glass,3.81,0.0,28.1,76.9,0.0,0.0
SAMP_0186,textile,7.24,0.24,43.0,32.3,0.538239,15.070692
SAMP_0187,inert,15.72,0.0,34.9,44.7,0.0,0.0
SAMP_0188,organic,49.71,0.15,41.7,50.8,2.277106,63.758968
SAMP_0189,wood,34.92,0.43,42.3,20.6,5.020162,140.564536
SAMP_0190,mixed,3.16,0.12,37.3,63.4,0.118934,3.330152
SAMP_0191,paper,8.45,0.4,28.9,46.9,1.052398,29.467144
SAMP_0192,metal,25.42,0.0,38.6,42.6,0.0,0.0
SAMP_0193,inert,21.87,0.0,32.3,44.0,0.0,0.0
SAMP_0194,wood,12.1,0.43,39.8,19.8,1.643929,46.030012
SAMP_0195,mixed,0.26,0.12,36.1,54.6,0.009653,0.270284
SAMP_0196,wood,9.64,0.43,26.0,50.3,1.374293,38.480204
SAMP_0197,plastic,18.7,0.0,42.0,60.9,0.0,0.0
SAMP_0198,textile,6.44,0.24,27.2,76.0,0.472046,13.217288
SAMP_0199,organic,27.31,0.15,34.3,13.0,1.277709,35.775852
SAMP_0200,paper,9.71,0.4,39.0,69.6,1.210868,33.904304
SAMP_0201,mixed,40.14,0.12,40.6,72.1,1.568014,43.904392
SAMP_0202,organic,36.96,0.15,34.3,76.8,1.669532,46.746896
SAMP_0203,metal,32.47,0.0,28.5,74.9,0.0,0.0
SAMP_0204,paper,39.38,0.4,39.2,58.2,5.102532,142.870896
SAMP_0205,wood,15.5,0.43,26.0,22.0,2.380304,66.648512
SAMP_0206,wood,27.95,0.43,29.2,22.6,4.254303,119.120484
SAMP_0207,paper,33.89,0.4,25.9,10.7,4.306611,120.585108
SAMP_0208,plastic,47.73,0.0,32.1,15.8,0.0,0.0
SAMP_0209,paper,6.84,0.4,32.1,16.0,0.974865,27.29622
SAMP_0210,mixed,25.17,0.12,34.5,79.8,1.071922,30.013816
SAMP_0211,metal,11.18,0.0,29.7,64.1,0.0,0.0
SAMP_0212,wood,38.55,0.43,43.6,44.6,5.257285,147.20398
SAMP_0213,wood,25.11,0.43,41.0,55.1,3.312008,92.736224
SAMP_0214,metal,22.8,0.0,36.7,63.7,0.0,0.0
SAMP_0215,textile,43.64,0.24,29.3,32.6,3.167536,88.691008
SAMP_0216,mixed,25.5,0.12,39.8,28.6,0.978637,27.401836
SAMP_0217,metal,26.51,0.0,32.0,40.5,0.0,0.0
SAMP_0218,plastic,10.92,0.0,35.5,35.2,0.0,0.0
SAMP_0219,inert,44.29,0.0,43.8,56.7,0.0,0.0
SAMP_0220,mixed,9.57,0.12,37.8,79.7,0.418824,11.727072
SAMP_0221,inert,6.7,0.0,41.0,10.2,0.0,0.0
SAMP_0222,glass,8.83,0.0,31.1,39.3,0.0,0.0
SAMP_0223,metal,28.6,0.0,41.0,50.9,0.0,0.0
SAMP_0224,glass,3.99,0.0,26.8,57.2,0.0,0.0
SAMP_0225,glass,1.63,0.0,39.6,72.2,0.0,0.0
SAMP_0226,organic,30.43,0.15,37.0,73.1,1.43034,40.04952
SAMP_0227,organic,37.08,0.15,30.8,72.9,2.018114,56.507192
SAMP_0228,textile,1.6,0.24,33.1,24.1,0.129634,3.629752
SAMP_0229,organic,3.17,0.15,43.2,45.8,0.166903,4.673284
SAMP_0230,textile,41.85,0.24,44.2,42.0,3.332167,93.300676
SAMP_0231,organic,39.31,0.15,45.0,43.4,1.785381,49.990668
SAMP_0232,mixed,41.8,0.12,27.0,56.1,1.76922,49.53816
SAMP_0233,mixed,30.54,0.12,44.2,43.5,1.249962,34.998936
SAMP_0234,organic,17.78,0.15,25.5,73.7,0.849267,23.779476
SAMP_0235,organic,29.4,0.15,41.0,23.5,1.57647,44.14116
SAMP_0236,wood,34.39,0.43,40.4,20.3,4.72587,132.32436
SAMP_0237,organic,29.44,0.15,34.5,43.6,1.450806,40.622568
SAMP_0238,textile,40.73,0.24,32.7,16.1,3.321788,93.010064
SAMP_0239,metal,3.65,0.0,28.2,19.7,0.0,0.0
SAMP_0240,plastic,7.35,0.0,44.4,74.1,0.0,0.0
SAMP_0241,plastic,41.17,0.0,32.5,38.6,0.0,0.0
SAMP_0242,mixed,41.1,0.12,40.3,17.0,1.71263,47.95364
SAMP_0243,plastic,41.43,0.0,27.1,34.8,0.0,0.0
SAMP_0244,inert,23.57,0.0,31.4,22.1,0.0,0.0
SAMP_0245,mixed,49.59,0.12,26.2,39.6,1.936113,54.211164
SAMP_0246,organic,35.36,0.15,33.1,38.7,1.611323,45.117044
SAMP_0247,plastic,49.46,0.0,33.0,42.3,0.0,0.0
SAMP_0248,mixed,28.53,0.12,34.1,24.3,1.091085,30.55038
SAMP_0249,plastic,47.29,0.0,41.5,71.5,0.0,0.0
SAMP_0250,inert,34.32,0.0,25.5,57.9,0.0,0.0
SAMP_0251,inert,36.91,0.0,39.2,41.8,0.0,0.0
SAMP_0252,mixed,25.36,0.12,39.9,57.6,1.051198,29.433544
SAMP_0253,plastic,13.23,0.0,41.6,15.1,0.0,0.0
SAMP_0254,paper,23.08,0.4,40.7,26.3,2.801669,78.446732
SAMP_0255,inert,18.01,0.0,33.6,47.1,0.0,0.0
SAMP_0256,plastic,33.73,0.0,42.2,13.0,0.0,0.0
SAMP_0257,textile,9.29,0.24,31.5,31.3,0.772015,21.61642
SAMP_0258,paper,21.05,0.4,33.8,50.2,2.783261,77.931308
SAMP_0259,mixed,39.9,0.12,30.8,28.4,1.532942,42.922376
SAMP_0260,paper,1.01,0.4,35.5,49.8,0.142028,3.976784
SAMP_0261,wood,22.26,0.43,26.8,34.2,3.352345,93.86566
SAMP_0262,plastic,34.4,0.0,36.2,36.6,0.0,0.0
SAMP_0263,metal,49.94,0.0,28.6,44.8,0.0,0.0
SAMP_0264,textile,22.98,0.24,29.9,12.9,1.694433,47.444124
SAMP_0265,mixed,19.02,0.12,40.2,62.7,0.757987,21.223636
SAMP_0266,mixed,42.52,0.12,40.6,78.0,1.830692,51.259376
SAMP_0267,metal,32.98,0.0,28.5,38.6,0.0,0.0
SAMP_0268,wood,29.29,0.43,39.4,13.2,3.932378,110.106584
SAMP_0269,inert,28.01,0.0,43.9,54.7,0.0,0.0
SAMP_0270,glass,0.51,0.0,30.2,26.7,0.0,0.0
SAMP_0271,glass,37.0,0.0,37.9,35.3,0.0,0.0
SAMP_0272,organic,1.18,0.15,36.1,29.7,0.062311,1.744708
SAMP_0273,organic,42.42,0.15,26.5,57.9,1.983341,55.533548
SAMP_0274,paper,25.83,0.4,42.3,71.0,3.69752,103.53056
SAMP_0275,inert,8.93,0.0,26.5,67.4,0.0,0.0
SAMP_0276,paper,21.59,0.4,36.7,69.3,3.051936,85.454208
SAMP_0277,wood,1.43,0.43,26.2,79.9,0.21447,6.00516
SAMP_0278,plastic,21.1,0.0,28.6,14.4,0.0,0.0
SAMP_0279,organic,23.58,0.15,31.4,65.0,1.096013,30.688364
SAMP_0280,metal,1.83,0.0,29.6,29.9,0.0,0.0
SAMP_0281,wood,15.72,0.43,38.4,21.4,2.334273,65.359644
SAMP_0282,mixed,32.29,0.12,36.3,17.7,1.268075,35.5061
SAMP_0283,inert,1.61,0.0,29.9,40.1,0.0,0.0
SAMP_0284,metal,32.89,0.0,44.1,13.3,0.0,0.0
SAMP_0285,mixed,15.76,0.12,39.5,19.2,0.625592,17.516576
SAMP_0286,textile,15.33,0.24,38.4,42.0,1.28833,36.07324
SAMP_0287,metal,34.42,0.0,40.1,53.7,0.0,0.0
SAMP_0288,metal,16.77,0.0,39.0,33.1,0.0,0.0
SAMP_0289,glass,28.51,0.0,33.4,20.6,0.0,0.0
SAMP_0290,textile,22.95,0.24,26.5,25.8,1.969456,55.144768
SAMP_0291,glass,11.59,0.0,43.4,58.3,0.0,0.0
SAMP_0292,wood,15.12,0.43,37.2,70.0,2.079731,58.232468
SAMP_0293,metal,49.49,0.0,25.1,31.0,0.0,0.0
SAMP_0294,mixed,13.02,0.12,37.8,55.4,0.4763,13.3364
SAMP_0295,inert,44.6,0.0,43.1,42.9,0.0,0.0
SAMP_0296,textile,12.76,0.24,39.3,64.8,0.972027,27.216756
SAMP_0297,organic,26.72,0.15,38.5,46.3,1.430629,40.057612
SAMP_0298,textile,1.63,0.24,42.3,35.4,0.127749,3.576972
SAMP_0299,metal,18.96,0.0,42.9,46.6,0.0,0.0
SAMP_0300,wood,15.83,0.43,42.0,10.2,2.126362,59.538136
SAMP_0301,wood,23.86,0.43,36.0,65.0,3.106971,86.995188
SAMP_0302,plastic,34.27,0.0,42.7,14.8,0.0,0.0
SAMP_0303,paper,23.36,0.4,38.6,49.9,3.047872,85.340416
SAMP_0304,plastic,46.15,0.0,25.5,51.8,0.0,0.0
SAMP_0305,wood,10.94,0.43,30.8,75.8,1.461542,40.923176
SAMP_0306,textile,22.66,0.24,26.0,25.3,1.887689,52.855292
SAMP_0307,wood,19.38,0.43,38.5,75.0,2.787661,78.054508
SAMP_0308,metal,33.93,0.0,27.8,35.9,0.0,0.0
SAMP_0309,wood,40.46,0.43,25.5,42.8,5.402296,151.264288
SAMP_0310,paper,32.54,0.4,35.7,44.7,4.107051,114.997428
SAMP_0311,inert,47.72,0.0,41.4,55.3,0.0,0.0
SAMP_0312,metal,28.79,0.0,31.4,63.0,0.0,0.0
SAMP_0313,mixed,11.31,0.12,44.7,39.1,0.457877,12.820556
SAMP_0314,organic,44.3,0.15,31.2,75.1,2.007447,56.208516
SAMP_0315,paper,34.9,0.4,40.5,43.5,4.482986,125.523608
SAMP_0316,inert,22.42,0.0,25.3,50.8,0.0,0.0
SAMP_0317,inert,43.11,0.0,42.4,13.4,0.0,0.0
SAMP_0318,organic,3.32,0.15,37.9,67.3,0.17006,4.76168
SAMP_0319,paper,17.15,0.4,37.7,77.5,2.466488,69.061664
SAMP_0320,inert,25.59,0.0,27.3,60.5,0.0,0.0
SAMP_0321,wood,25.46,0.43,42.6,63.8,3.617526,101.290728
SAMP_0322,mixed,2.91,0.12,31.7,34.4,0.11595,3.2466
SAMP_0323,plastic,40.29,0.0,36.5,32.4,0.0,0.0
SAMP_0324,inert,33.14,0.0,43.6,58.6,0.0,0.0
SAMP_0325,plastic,47.36,0.0,28.7,71.7,0.0,0.0
SAMP_0326,wood,17.92,0.43,29.4,15.8,2.410231,67.486468
SAMP_0327,inert,48.51,0.0,39.6,72.3,0.0,0.0
SAMP_0328,paper,39.05,0.4,29.3,13.2,4.802971,134.483188
SAMP_0329,organic,26.76,0.15,41.7,55.5,1.284105,35.95494
SAMP_0330,paper,14.22,0.4,39.8,57.1,1.968838,55.127464
SAMP_0331,metal,4.02,0.0,38.4,11.0,0.0,0.0
SAMP_0332,inert,7.76,0.0,34.7,13.6,0.0,0.0
SAMP_0333,metal,26.03,0.0,30.1,70.2,0.0,0.0
SAMP_0334,inert,2.43,0.0,43.8,37.7,0.0,0.0
SAMP_0335,metal,11.31,0.0,31.7,70.0,0.0,0.0
SAMP_0336,textile,31.26,0.24,38.8,44.5,2.682574,75.112072
SAMP_0337,wood,19.75,0.43,32.9,50.4,2.956445,82.78046
SAMP_0338,paper,16.99,0.4,27.8,19.2,2.109584,59.068352
SAMP_0339,glass,9.19,0.0,35.6,76.0,0.0,0.0
SAMP_0340,plastic,47.31,0.0,41.6,67.8,0.0,0.0
SAMP_0341,glass,3.23,0.0,37.3,54.8,0.0,0.0
SAMP_0342,plastic,40.73,0.0,41.3,21.6,0.0,0.0
SAMP_0343,paper,46.59,0.4,29.2,20.8,5.644973,158.059244
SAMP_0344,glass,17.14,0.0,35.3,31.4,0.0,0.0
SAMP_0345,plastic,49.45,0.0,31.4,41.4,0.0,0.0
SAMP_0346,mixed,20.33,0.12,33.9,78.1,0.882916,24.721648
SAMP_0347,inert,6.2,0.0,30.3,51.3,0.0,0.0
SAMP_0348,textile,43.74,0.24,26.2,71.8,3.791468,106.161104
SAMP_0349,plastic,22.04,0.0,29.1,71.5,0.0,0.0
SAMP_0350,glass,49.66,0.0,30.2,31.0,0.0,0.0
SAMP_0351,paper,35.35,0.4,32.3,77.7,4.252876,119.080528
SAMP_0352,textile,17.25,0.24,25.1,74.4,1.36588,38.24464
SAMP_0353,organic,37.82,0.15,43.0,43.5,2.073451,58.056628
SAMP_0354,wood,44.97,0.43,25.8,75.6,6.417247,179.682916
SAMP_0355,organic,5.69,0.15,39.9,24.5,0.28593,8.00604
SAMP_0356,wood,22.16,0.43,26.7,40.6,2.960468,82.893104
SAMP_0357,plastic,43.78,0.0,27.9,69.9,0.0,0.0
SAMP_0358,metal,18.87,0.0,36.5,53.6,0.0,0.0
SAMP_0359,plastic,17.23,0.0,25.0,64.9,0.0,0.0
SAMP_0360,mixed,26.89,0.12,36.5,44.9,1.040751,29.141028
SAMP_0361,organic,39.85,0.15,28.0,30.6,1.954079,54.714212
SAMP_0362,metal,34.21,0.0,26.5,53.6,0.0,0.0
SAMP_0363,glass,18.59,0.0,30.6,12.9,0.0,0.0
SAMP_0364,inert,2.17,0.0,44.6,16.5,0.0,0.0
SAMP_0365,plastic,29.36,0.0,38.8,24.6,0.0,0.0
SAMP_0366,mixed,12.16,0.12,34.0,40.5,0.495451,13.872628
SAMP_0367,metal,22.54,0.0,25.7,27.4,0.0,0.0
SAMP_0368,wood,20.18,0.43,35.9,33.8,2.753661,77.102508
SAMP_0369,plastic,40.61,0.0,44.6,45.7,0.0,0.0
SAMP_0370,metal,11.57,0.0,39.9,28.0,0.0,0.0
SAMP_0371,plastic,15.3,0.0,35.4,79.2,0.0,0.0
SAMP_0372,textile,16.66,0.24,38.4,21.7,1.291086,36.150408
SAMP_0373,metal,21.84,0.0,34.2,45.7,0.0,0.0
SAMP_0374,wood,21.82,0.43,30.5,22.3,3.32728,93.16384
SAMP_0375,glass,18.11,0.0,30.0,48.0,0.0,0.0
SAMP_0376,textile,33.7,0.24,39.1,37.0,2.637345,73.84566
SAMP_0377,mixed,43.34,0.12,43.1,18.2,1.890734,52.940552
SAMP_0378,mixed,35.65,0.12,28.8,72.6,1.424804,39.894512
SAMP_0379,paper,32.22,0.4,26.4,75.8,4.199308,117.580624
SAMP_0380,mixed,12.94,0.12,36.0,15.3,0.481327,13.477156
SAMP_0381,metal,13.76,0.0,42.2,61.1,0.0,0.0
SAMP_0382,mixed,2.56,0.12,44.6,18.6,0.099707,2.791796
SAMP_0383,metal,5.8,0.0,26.8,31.7,0.0,0.0
SAMP_0384,metal,38.4,0.0,29.8,16.8,0.0,0.0
SAMP_0385,glass,10.82,0.0,44.7,47.3,0.0,0.0
SAMP_0386,metal,37.84,0.0,39.5,17.5,0.0,0.0
SAMP_0387,inert,34.97,0.0,34.3,41.5,0.0,0.0
SAMP_0388,mixed,17.11,0.12,31.9,77.0,0.713166,19.968648
SAMP_0389,glass,46.71,0.0,27.1,19.2,0.0,0.0
SAMP_0390,wood,40.15,0.43,30.2,72.1,5.899118,165.175304
SAMP_0391,plastic,48.94,0.0,29.5,56.4,0.0,0.0
SAMP_0392,metal,41.79,0.0,36.7,28.9,0.0,0.0
SAMP_0393,wood,17.43,0.43,32.6,25.2,2.442788,68.398064
SAMP_0394,mixed,36.98,0.12,44.9,23.2,1.512654,42.354312
SAMP_0395,glass,5.11,0.0,42.4,32.3,0.0,0.0
SAMP_0396,textile,28.39,0.24,26.0,46.8,2.275649,63.718172
SAMP_0397,plastic,41.0,0.0,27.5,52.3,0.0,0.0
SAMP_0398,textile,45.89,0.24,35.2,21.5,3.766998,105.475944
SAMP_0399,mixed,17.7,0.12,27.8,14.0,0.689591,19.308548
SAMP_0400,glass,21.26,0.0,27.3,56.8,0.0,0.0
SAMP_0401,glass,3.16,0.0,31.9,58.8,0.0,0.0
SAMP_0402,organic,19.9,0.15,40.0,70.3,0.963151,26.968228
SAMP_0403,glass,32.07,0.0,28.4,22.9,0.0,0.0
SAMP_0404,textile,31.25,0.24,44.2,58.6,2.493757,69.825196
SAMP_0405,metal,6.43,0.0,38.3,10.3,0.0,0.0
SAMP_0406,metal,43.98,0.0,38.9,40.5,0.0,0.0
SAMP_0407,organic,10.53,0.15,36.6,26.8,0.573854,16.067912
SAMP_0408,textile,16.45,0.24,26.6,34.8,1.189079,33.294212
SAMP_0409,organic,26.56,0.15,34.7,54.0,1.322328,37.025184
SAMP_0410,mixed,7.43,0.12,31.2,35.0,0.282358,7.906024
SAMP_0411,textile,36.32,0.24,43.9,68.3,2.807597,78.612716
SAMP_0412,textile,14.32,0.24,26.6,79.7,1.065154,29.824312
SAMP_0413,organic,1.15,0.15,31.9,16.9,0.053944,1.510432
SAMP_0414,mixed,9.22,0.12,35.6,57.3,0.395836,11.083408
SAMP_0415,glass,47.72,0.0,43.3,24.3,0.0,0.0
SAMP_0416,paper,38.34,0.4,25.4,44.2,5.58431,156.36068
SAMP_0417,textile,8.66,0.24,31.0,24.7,0.758474,21.237272
SAMP_0418,glass,19.96,0.0,26.8,17.1,0.0,0.0
SAMP_0419,wood,24.81,0.43,44.3,65.2,3.431416,96.079648
SAMP_0420,plastic,8.82,0.0,26.5,32.8,0.0,0.0
SAMP_0421,wood,11.96,0.43,27.9,58.1,1.655421,46.351788
SAMP_0422,mixed,49.65,0.12,35.1,12.4,2.039135,57.09578
SAMP_0423,wood,41.66,0.43,33.5,49.8,5.692527,159.390756
SAMP_0424,glass,42.67,0.0,37.9,25.4,0.0,0.0
SAMP_0425,metal,33.34,0.0,26.0,47.2,0.0,0.0
SAMP_0426,organic,24.9,0.15,32.9,52.9,1.310211,36.685908
SAMP_0427,glass,46.27,0.0,25.7,51.7,0.0,0.0
SAMP_0428,paper,49.76,0.4,37.9,39.3,7.162981,200.563468
SAMP_0429,metal,7.41,0.0,37.3,65.6,0.0,0.0
SAMP_0430,textile,10.0,0.24,25.2,53.5,0.742172,20.780816
SAMP_0431,textile,17.14,0.24,29.8,68.6,1.326765,37.14942
SAMP_0432,wood,27.01,0.43,34.1,31.2,3.570341,99.969548
SAMP_0433,plastic,14.91,0.0,39.7,35.0,0.0,0.0
SAMP_0434,paper,27.23,0.4,33.1,37.3,3.715825,104.0431
SAMP_0435,glass,31.56,0.0,41.6,34.1,0.0,0.0
SAMP_0436,paper,6.63,0.4,30.5,57.3,0.954695,26.73146
SAMP_0437,plastic,10.41,0.0,31.5,23.6,0.0,0.0
SAMP_0438,metal,41.17,0.0,40.7,25.7,0.0,0.0
SAMP_0439,glass,46.31,0.0,31.8,31.7,0.0,0.0
SAMP_0440,metal,31.15,0.0,26.9,64.9,0.0,0.0
SAMP_0441,wood,22.36,0.43,35.7,10.6,3.149359,88.182052
SAMP_0442,mixed,6.7,0.12,35.8,75.6,0.263345,7.37366
SAMP_0443,metal,29.62,0.0,34.6,50.3,0.0,0.0
SAMP_0444,mixed,48.79,0.12,27.0,44.0,2.050598,57.416744
SAMP_0445,inert,49.69,0.0,26.9,29.1,0.0,0.0
SAMP_0446,paper,4.85,0.4,44.6,35.3,0.647109,18.119052
SAMP_0447,wood,11.46,0.43,41.4,78.5,1.510056,42.281568
SAMP_0448,wood,16.33,0.43,31.8,72.3,2.262977,63.363356
SAMP_0449,plastic,21.99,0.0,26.2,51.7,0.0,0.0
SAMP_0450,glass,26.04,0.0,37.4,65.4,0.0,0.0
SAMP_0451,glass,1.29,0.0,39.1,47.6,0.0,0.0
SAMP_0452,wood,5.7,0.43,26.3,26.4,0.868922,24.329816
SAMP_0453,wood,40.85,0.43,38.4,23.0,5.598329,156.753212
SAMP_0454,organic,41.52,0.15,31.9,66.9,2.130349,59.649772
SAMP_0455,textile,42.53,0.24,36.4,30.7,3.321761,93.009308
SAMP_0456,paper,1.97,0.4,31.5,74.8,0.270624,7.577472
SAMP_0457,glass,7.03,0.0,39.4,67.8,0.0,0.0
SAMP_0458,plastic,41.53,0.0,27.8,42.9,0.0,0.0
SAMP_0459,textile,18.74,0.24,41.6,48.0,1.593173,44.608844
SAMP_0460,paper,43.37,0.4,38.6,79.9,6.176748,172.948944
SAMP_0461,metal,38.89,0.0,31.7,61.6,0.0,0.0
SAMP_0462,wood,12.11,0.43,30.4,33.8,1.678535,46.99898
SAMP_0463,paper,31.99,0.4,44.5,67.2,4.317181,120.881068
SAMP_0464,mixed,21.85,0.12,27.4,76.1,0.915275,25.6277
SAMP_0465,metal,16.96,0.0,34.0,39.3,0.0,0.0
SAMP_0466,organic,49.96,0.15,35.2,11.9,2.401868,67.252304
SAMP_0467,wood,9.82,0.43,33.4,65.4,1.379274,38.619672
SAMP_0468,wood,33.09,0.43,44.5,57.9,4.688027,131.264756
SAMP_0469,inert,49.57,0.0,33.8,18.0,0.0,0.0
SAMP_0470,inert,43.7,0.0,38.1,40.9,0.0,0.0
SAMP_0471,plastic,23.92,0.0,38.3,73.0,0.0,0.0
SAMP_0472,plastic,26.28,0.0,43.1,23.5,0.0,0.0
SAMP_0473,wood,30.45,0.43,28.6,72.5,4.087233,114.442524
SAMP_0474,textile,19.82,0.24,42.6,72.3,1.568309,43.912652
SAMP_0475,metal,27.59,0.0,32.8,70.0,0.0,0.0
SAMP_0476,metal,25.57,0.0,36.0,74.2,0.0,0.0
SAMP_0477,inert,7.2,0.0,33.4,11.1,0.0,0.0
SAMP_0478,glass,12.91,0.0,27.0,60.0,0.0,0.0
SAMP_0479,mixed,42.56,0.12,39.9,77.7,1.740715,48.74002
SAMP_0480,organic,33.94,0.15,32.2,62.3,1.561898,43.733144
SAMP_0481,paper,27.15,0.4,44.7,43.9,3.323353,93.053884
SAMP_0482,organic,34.86,0.15,28.5,75.6,1.80835,50.6338
SAMP_0483,wood,44.3,0.43,32.3,11.8,6.955338,194.749464
SAMP_0484,glass,24.88,0.0,28.2,60.7,0.0,0.0
SAMP_0485,metal,8.73,0.0,39.5,53.2,0.0,0.0
SAMP_0486,glass,14.53,0.0,26.6,19.6,0.0,0.0
SAMP_0487,textile,28.43,0.24,38.0,15.6,2.460947,68.906516
SAMP_0488,metal,49.99,0.0,31.5,53.9,0.0,0.0
SAMP_0489,paper,45.48,0.4,32.6,29.1,5.733167,160.528676
SAMP_0490,inert,49.01,0.0,38.2,22.0,0.0,0.0
SAMP_0491,plastic,5.27,0.0,31.3,28.8,0.0,0.0
SAMP_0492,organic,30.64,0.15,38.8,76.7,1.645299,46.068372
SAMP_0493,paper,37.76,0.4,41.0,39.5,5.401483,151.241524
SAMP_0494,wood,20.11,0.43,31.7,12.5,2.932442,82.108376
SAMP_0495,textile,35.84,0.24,32.8,22.3,2.839738,79.512664
SAMP_0496,inert,46.4,0.0,29.9,63.6,0.0,0.0
SAMP_0497,organic,43.59,0.15,42.4,61.9,2.125218,59.506104
SAMP_0498,plastic,28.16,0.0,41.3,14.5,0.0,0.0
SAMP_0499,paper,10.92,0.4,32.1,14.6,1.441415,40.35962
SAMP_0500,organic,4.5,0.15,32.2,14.0,0.228991,6.411748
SAMP_0501,textile,40.11,0.24,37.9,78.4,3.236821,90.630988
SAMP_0502,mixed,31.78,0.12,29.8,43.4,1.229505,34.42614
SAMP_0503,glass,35.49,0.0,44.1,24.5,0.0,0.0
SAMP_0504,wood,26.19,0.43,28.0,14.1,3.871854,108.411912
SAMP_0505,textile,43.28,0.24,37.1,75.5,3.401199,95.233572
SAMP_0506,metal,0.23,0.0,27.2,40.0,0.0,0.0
SAMP_0507,plastic,6.12,0.0,26.9,21.7,0.0,0.0
SAMP_0508,organic,21.2,0.15,32.1,74.0,0.986098,27.610744
SAMP_0509,paper,35.96,0.4,34.6,72.0,5.003046,140.085288
SAMP_0510,plastic,28.7,0.0,36.9,78.4,0.0,0.0
SAMP_0511,paper,7.91,0.4,33.5,20.6,0.952364,26.666192
SAMP_0512,textile,44.41,0.24,40.2,36.2,3.624178,101.476984
SAMP_0513,glass,18.36,0.0,29.2,46.3,0.0,0.0
SAMP_0514,wood,18.09,0.43,37.6,26.6,2.480583,69.456324
SAMP_0515,plastic,3.97,0.0,39.3,55.8,0.0,0.0
SAMP_0516,plastic,10.17,0.0,27.9,37.4,0.0,0.0
SAMP_0517,wood,41.09,0.43,41.9,43.6,5.411724,151.528272
SAMP_0518,textile,18.71,0.24,43.8,80.0,1.530709,42.859852
SAMP_0519,metal,8.84,0.0,42.7,20.0,0.0,0.0
SAMP_0520,paper,1.95,0.4,39.1,35.1,0.235248,6.586944
SAMP_0521,glass,13.4,0.0,37.7,38.4,0.0,0.0
SAMP_0522,wood,23.09,0.43,42.7,29.5,3.077318,86.164904
SAMP_0523,inert,10.22,0.0,39.3,23.9,0.0,0.0
SAMP_0524,organic,49.72,0.15,43.1,40.2,2.381719,66.688132
SAMP_0525,textile,21.81,0.24,40.4,12.0,1.896186,53.093208
SAMP_0526,metal,18.71,0.0,26.2,13.1,0.0,0.0
SAMP_0527,paper,34.98,0.4,41.4,67.3,4.964342,139.001576
SAMP_0528,textile,25.39,0.24,43.6,77.4,1.881962,52.694936
SAMP_0529,wood,12.08,0.43,36.6,54.2,1.654989,46.339692
SAMP_0530,glass,31.67,0.0,27.3,58.7,0.0,0.0
SAMP_0531,wood,20.36,0.43,41.0,66.9,3.060646,85.698088
SAMP_0532,organic,39.1,0.15,27.0,42.9,2.038242,57.070776
SAMP_0533,glass,20.08,0.0,25.4,61.3,0.0,0.0
SAMP_0534,mixed,1.56,0.12,33.1,60.4,0.066713,1.867964
SAMP_0535,metal,1.13,0.0,35.1,14.1,0.0,0.0
SAMP_0536,mixed,18.53,0.12,34.4,57.2,0.725535,20.31498
SAMP_0537,plastic,5.8,0.0,41.6,33.1,0.0,0.0
SAMP_0538,textile,19.87,0.24,25.0,31.5,1.524808,42.694624
SAMP_0539,textile,13.53,0.24,35.8,18.2,1.041374,29.158472
SAMP_0540,mixed,30.46,0.12,38.0,67.3,1.185131,33.183668
SAMP_0541,mixed,28.65,0.12,31.5,16.7,1.031877,28.892556
SAMP_0542,inert,1.2,0.0,34.1,69.4,0.0,0.0
SAMP_0543,mixed,8.58,0.12,40.1,76.8,0.351192,9.833376
SAMP_0544,glass,30.19,0.0,35.5,47.4,0.0,0.0
SAMP_0545,paper,12.84,0.4,43.1,69.1,1.590244,44.526832
SAMP_0546,paper,31.03,0.4,25.3,71.3,4.285759,120.001252
SAMP_0547,inert,31.98,0.0,34.2,23.8,0.0,0.0
SAMP_0548,inert,29.28,0.0,27.5,34.5,0.0,0.0
SAMP_0549,textile,25.45,0.24,36.4,46.4,1.859211,52.057908
SAMP_0550,mixed,14.94,0.12,40.6,18.2,0.606217,16.974076
SAMP_0551,mixed,36.8,0.12,43.5,21.4,1.529362,42.822136
SAMP_0552,plastic,10.63,0.0,30.4,41.5,0.0,0.0
SAMP_0553,glass,30.05,0.0,36.3,71.0,0.0,0.0
SAMP_0554,inert,24.35,0.0,31.0,31.1,0.0,0.0
SAMP_0555,metal,38.26,0.0,44.7,22.5,0.0,0.0
SAMP_0556,paper,19.71,0.4,37.4,57.4,2.715146,76.024088
SAMP_0557,glass,39.64,0.0,32.6,75.9,0.0,0.0
SAMP_0558,textile,9.66,0.24,29.1,72.0,0.771829,21.611212
SAMP_0559,metal,20.03,0.0,41.8,76.9,0.0,0.0
SAMP_0560,glass,35.41,0.0,39.4,61.0,0.0,0.0
SAMP_0561,paper,48.34,0.4,36.8,68.2,6.184503,173.166084
SAMP_0562,glass,6.82,0.0,29.4,79.4,0.0,0.0
SAMP_0563,wood,4.84,0.43,40.9,60.0,0.737581,20.652268
SAMP_0564,glass,12.36,0.0,27.2,32.2,0.0,0.0
SAMP_0565,glass,15.11,0.0,27.8,47.8,0.0,0.0
SAMP_0566,paper,32.73,0.4,28.4,51.5,4.235848,118.603744
SAMP_0567,plastic,17.45,0.0,38.1,62.6,0.0,0.0
SAMP_0568,metal,46.0,0.0,33.6,49.1,0.0,0.0
SAMP_0569,plastic,43.43,0.0,27.3,67.0,0.0,0.0
SAMP_0570,textile,36.41,0.24,42.1,61.5,3.001358,84.038024
SAMP_0571,metal,48.28,0.0,28.2,13.0,0.0,0.0
SAMP_0572,textile,3.82,0.24,35.4,68.5,0.299805,8.39454
SAMP_0573,paper,40.46,0.4,35.0,68.3,5.033548,140.939344
SAMP_0574,paper,16.01,0.4,36.9,18.7,1.951918,54.653704
SAMP_0575,wood,32.85,0.43,34.7,41.0,5.145935,144.08618
SAMP_0576,inert,2.66,0.0,39.3,29.3,0.0,0.0
SAMP_0577,organic,28.97,0.15,35.0,28.0,1.454151,40.716228
SAMP_0578,wood,13.67,0.43,28.1,44.0,1.955413,54.751564
SAMP_0579,plastic,17.74,0.0,37.9,56.3,0.0,0.0
SAMP_0580,mixed,32.9,0.12,44.0,55.8,1.269384,35.542752
SAMP_0581,textile,14.9,0.24,31.6,17.7,1.233346,34.533688
SAMP_0582,organic,12.16,0.15,32.9,66.2,0.635754,17.801112
SAMP_0583,wood,4.44,0.43,26.8,38.8,0.64109,17.95052
SAMP_0584,paper,1.56,0.4,30.9,43.4,0.219351,6.141828
SAMP_0585,inert,30.41,0.0,26.4,36.4,0.0,0.0
SAMP_0586,mixed,28.55,0.12,44.6,70.6,1.240236,34.726608
SAMP_0587,mixed,19.79,0.12,28.5,77.6,0.769344,21.541632
SAMP_0588,inert,18.66,0.0,30.4,27.8,0.0,0.0
SAMP_0589,plastic,42.89,0.0,39.5,50.0,0.0,0.0
SAMP_0590,textile,43.29,0.24,32.5,19.3,3.3981,95.1468
SAMP_0591,glass,29.98,0.0,39.5,66.3,0.0,0.0
SAMP_0592,glass,3.43,0.0,32.3,59.9,0.0,0.0
SAMP_0593,metal,12.05,0.0,44.9,76.8,0.0,0.0
SAMP_0594,wood,24.91,0.43,28.3,74.4,3.378797,94.606316
SAMP_0595,mixed,33.5,0.12,28.7,50.9,1.222152,34.220256
SAMP_0596,plastic,3.51,0.0,35.7,39.4,0.0,0.0
SAMP_0597,glass,15.57,0.0,35.4,17.4,0.0,0.0
SAMP_0598,plastic,40.0,0.0,29.4,40.2,0.0,0.0
SAMP_0599,plastic,24.39,0.0,26.2,53.5,0.0,0.0
SAMP_0600,wood,20.29,0.43,30.6,74.0,2.971185,83.19318
SAMP_0601,glass,26.94,0.0,27.2,75.0,0.0,0.0
SAMP_0602,mixed,49.33,0.12,35.4,61.4,2.039396,57.103088
SAMP_0603,wood,34.48,0.43,42.2,52.4,4.509947,126.278516
SAMP_0604,inert,44.58,0.0,27.7,13.9,0.0,0.0
SAMP_0605,paper,20.66,0.4,28.7,20.3,2.617411,73.287508
SAMP_0606,wood,36.75,0.43,44.2,74.1,5.467973,153.103244
SAMP_0607,glass,15.4,0.0,29.3,74.7,0.0,0.0
SAMP_0608,organic,22.54,0.15,40.9,58.7,1.236026,34.608728
SAMP_0609,inert,42.02,0.0,29.0,27.5,0.0,0.0
SAMP_0610,wood,44.92,0.43,28.0,57.6,6.803113,190.487164
SAMP_0611,glass,38.89,0.0,31.7,34.7,0.0,0.0
SAMP_0612,metal,18.61,0.0,42.5,32.8,0.0,0.0
SAMP_0613,plastic,37.74,0.0,27.2,48.7,0.0,0.0
SAMP_0614,inert,14.85,0.0,40.4,38.0,0.0,0.0
SAMP_0615,paper,15.33,0.4,38.2,69.0,1.853004,51.884112
SAMP_0616,metal,33.19,0.0,28.2,52.5,0.0,0.0
SAMP_0617,organic,48.69,0.15,40.7,46.4,2.24993,62.99804
SAMP_0618,textile,16.59,0.24,30.8,41.2,1.394351,39.041828
SAMP_0619,plastic,33.34,0.0,27.4,74.7,0.0,0.0
SAMP_0620,paper,21.82,0.4,41.9,60.4,3.175964,88.926992
SAMP_0621,wood,6.19,0.43,34.4,31.1,0.896882,25.112696
SAMP_0622,organic,34.29,0.15,35.5,53.6,1.774568,49.687904
SAMP_0623,textile,23.98,0.24,40.5,52.0,2.060268,57.687504
SAMP_0624,metal,11.07,0.0,41.4,15.0,0.0,0.0
SAMP_0625,paper,17.32,0.4,27.7,75.9,2.142107,59.978996
SAMP_0626,paper,46.99,0.4,35.8,53.4,5.843334,163.613352
SAMP_0627,textile,45.3,0.24,28.5,62.2,3.284416,91.963648
SAMP_0628,inert,35.92,0.0,41.5,30.5,0.0,0.0
SAMP_0629,textile,1.24,0.24,29.4,28.8,0.102825,2.8791
SAMP_0630,organic,39.6,0.15,26.4,48.6,1.896404,53.099312
SAMP_0631,inert,22.15,0.0,44.2,65.5,0.0,0.0
SAMP_0632,mixed,4.06,0.12,25.3,12.3,0.151356,4.237968
SAMP_0633,mixed,8.14,0.12,41.0,18.5,0.354685,9.93118
SAMP_0634,glass,14.52,0.0,26.1,34.6,0.0,0.0
SAMP_0635,metal,25.09,0.0,38.2,33.0,0.0,0.0
SAMP_0636,textile,33.47,0.24,38.8,71.8,2.503902,70.109256
SAMP_0637,wood,45.38,0.43,35.3,43.9,7.088059,198.465652
SAMP_0638,textile,28.66,0.24,42.7,45.5,2.190103,61.322884
SAMP_0639,mixed,36.11,0.12,35.8,36.8,1.415312,39.628736
SAMP_0640,textile,15.73,0.24,43.0,49.0,1.153309,32.292652
SAMP_0641,inert,21.79,0.0,42.1,26.1,0.0,0.0
SAMP_0642,wood,28.8,0.43,38.0,78.2,3.906748,109.388944
SAMP_0643,wood,20.74,0.43,36.8,37.3,3.037571,85.051988
SAMP_0644,wood,17.05,0.43,35.4,76.4,2.55642,71.57976
SAMP_0645,mixed,22.76,0.12,36.7,27.1,0.998241,27.950748
SAMP_0646,wood,13.01,0.43,31.6,49.9,1.915281,53.627868
SAMP_0647,inert,47.81,0.0,36.6,67.3,0.0,0.0
SAMP_0648,organic,18.82,0.15,35.3,14.5,0.856096,23.970688
SAMP_0649,glass,43.71,0.0,41.2,78.4,0.0,0.0
SAMP_0650,plastic,42.73,0.0,36.6,35.4,0.0,0.0
SAMP_0651,metal,30.74,0.0,33.8,39.5,0.0,0.0
SAMP_0652,glass,37.68,0.0,38.4,34.8,0.0,0.0
SAMP_0653,organic,0.5,0.15,42.6,47.6,0.025031,0.700868
SAMP_0654,organic,38.87,0.15,37.1,76.9,1.822743,51.036804
SAMP_0655,organic,45.02,0.15,37.7,41.5,2.072234,58.022552
SAMP_0656,wood,32.51,0.43,25.8,28.8,4.553492,127.497776
SAMP_0657,plastic,4.03,0.0,40.0,80.0,0.0,0.0
SAMP_0658,wood,46.35,0.43,43.4,70.6,6.039856,169.115968
SAMP_0659,organic,39.75,0.15,27.1,68.8,1.961207,54.913796
SAMP_0660,glass,34.34,0.0,38.2,35.7,0.0,0.0
SAMP_0661,textile,29.42,0.24,41.4,64.1,2.145425,60.0719
SAMP_0662,organic,19.34,0.15,38.2,79.3,0.872548,24.431344
SAMP_0663,textile,13.89,0.24,25.4,34.4,1.126879,31.552612
SAMP_0664,glass,24.7,0.0,27.0,14.9,0.0,0.0
SAMP_0665,glass,44.02,0.0,30.6,43.9,0.0,0.0
SAMP_0666,plastic,35.31,0.0,32.3,33.4,0.0,0.0
SAMP_0667,metal,49.65,0.0,41.6,25.5,0.0,0.0
SAMP_0668,metal,31.65,0.0,33.4,77.9,0.0,0.0
SAMP_0669,textile,3.14,0.24,30.4,46.2,0.261393,7.319004
SAMP_0670,inert,8.53,0.0,41.0,63.1,0.0,0.0
SAMP_0671,mixed,48.16,0.12,26.0,49.6,1.776698,49.747544
SAMP_0672,textile,21.14,0.24,36.4,48.8,1.849334,51.781352
SAMP_0673,organic,47.91,0.15,37.5,18.1,2.170773,60.781644
SAMP_0674,metal,32.42,0.0,32.3,43.1,0.0,0.0
SAMP_0675,inert,5.21,0.0,33.7,72.1,0.0,0.0
SAMP_0676,paper,21.71,0.4,37.9,74.3,2.764545,77.40726
SAMP_0677,inert,48.47,0.0,33.2,21.2,0.0,0.0
SAMP_0678,wood,0.35,0.43,40.9,31.8,0.047097,1.318716
SAMP_0679,mixed,0.52,0.12,44.2,14.1,0.019068,0.533904
SAMP_0680,textile,29.73,0.24,32.0,43.2,2.200195,61.60546
SAMP_0681,organic,42.3,0.15,40.2,24.9,2.069188,57.937264
SAMP_0682,textile,10.46,0.24,33.3,70.8,0.803914,22.509592
SAMP_0683,glass,46.51,0.0,28.6,55.7,0.0,0.0
SAMP_0684,wood,24.33,0.43,42.6,41.8,3.720899,104.185172
SAMP_0685,inert,19.63,0.0,25.9,20.4,0.0,0.0
SAMP_0686,wood,25.68,0.43,26.6,20.6,3.456854,96.791912
SAMP_0687,inert,29.8,0.0,38.8,59.6,0.0,0.0
SAMP_0688,textile,25.61,0.24,43.7,19.5,1.869219,52.338132
SAMP_0689,mixed,6.82,0.12,28.6,38.6,0.258227,7.230356
SAMP_0690,paper,29.22,0.4,36.0,39.0,4.157196,116.401488
SAMP_0691,textile,36.75,0.24,37.6,14.2,2.791017,78.148476
SAMP_0692,mixed,35.98,0.12,31.2,75.1,1.466641,41.065948
SAMP_0693,glass,7.8,0.0,31.6,39.7,0.0,0.0
SAMP_0694,organic,33.98,0.15,32.3,39.8,1.537069,43.037932
SAMP_0695,inert,7.71,0.0,39.5,73.3,0.0,0.0
SAMP_0696,paper,44.08,0.4,39.7,60.8,5.556348,155.577744
SAMP_0697,plastic,29.47,0.0,26.2,73.1,0.0,0.0
SAMP_0698,plastic,15.45,0.0,25.4,33.3,0.0,0.0
SAMP_0699,glass,44.36,0.0,33.1,54.7,0.0,0.0
SAMP_0700,metal,27.56,0.0,36.2,39.6,0.0,0.0
SAMP_0701,paper,4.64,0.4,42.7,35.2,0.573689,16.063292
SAMP_0702,inert,43.52,0.0,35.0,39.4,0.0,0.0
SAMP_0703,wood,46.23,0.43,29.4,22.9,6.383705,178.74374
SAMP_0704,paper,18.84,0.4,36.8,18.7,2.565483,71.833524
SAMP_0705,organic,41.36,0.15,40.3,78.0,2.08051,58.25428
SAMP_0706,inert,48.76,0.0,35.2,42.2,0.0,0.0
SAMP_0707,metal,13.1,0.0,27.6,67.9,0.0,0.0
SAMP_0708,textile,6.94,0.24,41.3,66.1,0.577783,16.177924
SAMP_0709,wood,44.73,0.43,39.2,23.4,6.984505,195.56614
SAMP_0710,textile,48.34,0.24,45.0,52.7,3.543539,99.219092
SAMP_0711,inert,18.33,0.0,37.2,55.3,0.0,0.0
SAMP_0712,glass,7.61,0.0,33.5,33.5,0.0,0.0
SAMP_0713,mixed,21.06,0.12,34.6,15.6,0.89716,25.12048
SAMP_0714,textile,44.13,0.24,39.6,39.3,3.280514,91.854392
SAMP_0715,glass,29.75,0.0,38.3,72.1,0.0,0.0
SAMP_0716,organic,5.05,0.15,25.8,48.5,0.248807,6.966596
SAMP_0717,wood,49.65,0.43,30.9,63.5,7.184473,201.165244
SAMP_0718,mixed,32.3,0.12,25.9,20.3,1.244156,34.836368
SAMP_0719,inert,39.38,0.0,37.6,56.7,0.0,0.0
SAMP_0720,metal,49.91,0.0,26.4,33.7,0.0,0.0
SAMP_0721,textile,23.3,0.24,40.4,10.2,1.779238,49.818664
SAMP_0722,organic,43.21,0.15,30.8,15.2,2.247945,62.94246
SAMP_0723,glass,48.47,0.0,25.2,53.6,0.0,0.0
SAMP_0724,paper,7.53,0.4,39.4,34.8,0.952681,26.675068
SAMP_0725,glass,41.33,0.0,42.8,62.4,0.0,0.0
SAMP_0726,inert,15.42,0.0,36.9,16.7,0.0,0.0
SAMP_0727,organic,39.88,0.15,44.6,51.6,1.87608,52.53024
SAMP_0728,plastic,3.26,0.0,32.6,59.3,0.0,0.0
SAMP_0729,mixed,22.25,0.12,29.1,71.1,0.876295,24.53626
SAMP_0730,wood,25.39,0.43,28.7,12.8,3.518773,98.525644
SAMP_0731,glass,25.21,0.0,41.0,20.0,0.0,0.0
SAMP_0732,inert,17.37,0.0,36.0,33.2,0.0,0.0
SAMP_0733,textile,4.78,0.24,34.8,34.6,0.365586,10.236408
SAMP_0734,inert,40.98,0.0,30.2,27.7,0.0,0.0
SAMP_0735,wood,21.11,0.43,31.0,14.2,3.198378,89.554584
SAMP_0736,textile,12.24,0.24,44.3,31.7,0.952034,26.656952
SAMP_0737,paper,36.76,0.4,34.1,11.7,5.070793,141.982204
SAMP_0738,textile,1.81,0.24,37.8,24.9,0.142791,3.998148
SAMP_0739,mixed,40.75,0.12,29.9,29.4,1.517481,42.489468
SAMP_0740,metal,26.4,0.0,26.2,63.6,0.0,0.0
SAMP_0741,paper,3.64,0.4,27.0,54.7,0.458607,12.840996
SAMP_0742,paper,14.86,0.4,42.7,57.6,2.117739,59.296692
SAMP_0743,organic,22.6,0.15,43.4,38.3,1.192929,33.402012
SAMP_0744,glass,17.71,0.0,41.6,44.0,0.0,0.0
SAMP_0745,inert,34.66,0.0,25.7,46.6,0.0,0.0
SAMP_0746,organic,28.55,0.15,40.5,29.0,1.481038,41.469064
SAMP_0747,textile,28.45,0.24,40.1,50.4,2.493975,69.8313
SAMP_0748,glass,38.15,0.0,43.2,69.2,0.0,0.0
SAMP_0749,textile,5.27,0.24,45.0,43.0,0.412686,11.555208
SAMP_0750,metal,27.27,0.0,43.9,23.6,0.0,0.0
SAMP_0751,organic,33.94,0.15,43.0,16.9,1.566167,43.852676
SAMP_0752,glass,1.98,0.0,27.3,40.8,0.0,0.0
SAMP_0753,mixed,35.43,0.12,44.7,21.0,1.502151,42.060228
SAMP_0754,metal,7.94,0.0,29.1,25.1,0.0,0.0
SAMP_0755,inert,46.86,0.0,35.6,53.8,0.0,0.0
SAMP_0756,wood,5.87,0.43,44.9,65.4,0.828798,23.206344
SAMP_0757,wood,4.13,0.43,30.2,38.4,0.643726,18.024328
SAMP_0758,plastic,46.23,0.0,28.0,39.4,0.0,0.0
SAMP_0759,glass,13.29,0.0,25.8,36.9,0.0,0.0
SAMP_0760,paper,12.62,0.4,30.0,77.7,1.758071,49.225988
SAMP_0761,paper,33.3,0.4,38.0,26.9,4.768546,133.519288
SAMP_0762,paper,42.53,0.4,40.3,77.6,5.577049,156.157372
SAMP_0763,mixed,19.12,0.12,31.6,21.6,0.740186,20.725208
SAMP_0764,plastic,26.76,0.0,33.6,57.6,0.0,0.0
SAMP_0765,wood,22.27,0.43,32.5,46.1,3.417764,95.697392
SAMP_0766,glass,12.38,0.0,27.3,25.8,0.0,0.0
SAMP_0767,organic,19.59,0.15,40.4,54.4,1.067634,29.893752
SAMP_0768,mixed,12.74,0.12,43.3,23.1,0.551024,15.428672
SAMP_0769,textile,0.2,0.24,33.0,10.2,0.015746,0.440888
SAMP_0770,paper,27.24,0.4,26.5,28.9,3.83941,107.50348
SAMP_0771,glass,10.17,0.0,26.7,20.3,0.0,0.0
SAMP_0772,mixed,20.08,0.12,32.8,30.7,0.756478,21.181384
SAMP_0773,glass,20.54,0.0,27.0,50.4,0.0,0.0
SAMP_0774,wood,16.69,0.43,31.3,23.8,2.608077,73.026156
SAMP_0775,glass,43.99,0.0,25.5,48.9,0.0,0.0
SAMP_0776,textile,44.14,0.24,44.7,55.8,3.349039,93.773092
SAMP_0777,mixed,44.02,0.12,30.4,62.5,1.771622,49.605416
SAMP_0778,plastic,32.01,0.0,25.4,40.0,0.0,0.0
SAMP_0779,wood,10.43,0.43,34.1,34.7,1.447878,40.540584
SAMP_0780,organic,48.97,0.15,38.6,29.5,2.673049,74.845372
SAMP_0781,mixed,36.79,0.12,27.7,15.4,1.460494,40.893832
SAMP_0782,inert,17.86,0.0,40.5,46.4,0.0,0.0
SAMP_0783,inert,29.27,0.0,31.5,59.7,0.0,0.0
SAMP_0784,textile,46.75,0.24,38.2,47.7,3.782617,105.913276
SAMP_0785,wood,41.47,0.43,29.9,56.5,6.458032,180.824896
SAMP_0786,plastic,27.21,0.0,28.3,73.8,0.0,0.0
SAMP_0787,wood,48.91,0.43,33.6,38.5,6.620892,185.384976
SAMP_0788,metal,49.57,0.0,43.9,54.3,0.0,0.0
SAMP_0789,mixed,20.75,0.12,44.9,63.7,0.816369,22.858332
SAMP_0790,glass,1.06,0.0,43.7,32.3,0.0,0.0
SAMP_0791,paper,48.92,0.4,31.9,37.9,7.161665,200.52662
SAMP_0792,textile,46.0,0.24,32.4,61.9,3.682459,103.108852
SAMP_0793,inert,29.06,0.0,28.6,79.5,0.0,0.0
SAMP_0794,textile,9.88,0.24,35.3,38.7,0.752729,21.076412
SAMP_0795,inert,32.53,0.0,34.0,59.9,0.0,0.0
SAMP_0796,wood,24.55,0.43,25.8,43.6,3.749834,104.995352
SAMP_0797,inert,37.87,0.0,32.0,79.1,0.0,0.0
SAMP_0798,metal,20.2,0.0,34.5,23.9,0.0,0.0
SAMP_0799,textile,41.65,0.24,29.7,32.3,3.393591,95.020548
SAMP_0800,metal,48.49,0.0,44.3,37.3,0.0,0.0
SAMP_0801,textile,40.14,0.24,37.4,55.8,2.899278,81.179784
SAMP_0802,organic,28.28,0.15,39.4,11.6,1.54472,43.25216
SAMP_0803,metal,22.19,0.0,40.0,32.7,0.0,0.0
SAMP_0804,paper,7.13,0.4,33.3,61.7,0.94234,26.38552
SAMP_0805,mixed,16.2,0.12,30.8,50.5,0.710106,19.882968
SAMP_0806,textile,33.24,0.24,27.3,68.9,2.86583,80.24324
SAMP_0807,paper,24.15,0.4,31.0,55.6,2.963169,82.968732
SAMP_0808,mixed,43.35,0.12,32.9,36.9,1.679774,47.033672
SAMP_0809,mixed,2.73,0.12,25.2,78.4,0.116821,3.270988
SAMP_0810,plastic,27.17,0.0,29.0,26.7,0.0,0.0
SAMP_0811,metal,46.76,0.0,34.2,37.1,0.0,0.0
SAMP_0812,paper,12.4,0.4,44.3,56.1,1.751566,49.043848
SAMP_0813,paper,28.27,0.4,39.6,75.9,3.864971,108.219188
SAMP_0814,inert,41.39,0.0,36.4,44.4,0.0,0.0
SAMP_0815,mixed,35.5,0.12,27.7,35.9,1.27878,35.80584
SAMP_0816,organic,8.77,0.15,36.2,64.6,0.473853,13.267884
SAMP_0817,glass,38.87,0.0,27.2,79.7,0.0,0.0
SAMP_0818,glass,23.4,0.0,35.1,20.2,0.0,0.0
SAMP_0819,plastic,34.56,0.0,26.7,31.3,0.0,0.0
SAMP_0820,mixed,15.64,0.12,33.0,74.0,0.592302,16.584456
SAMP_0821,paper,34.05,0.4,41.7,79.2,4.85898,136.05144
SAMP_0822,inert,47.43,0.0,25.3,32.5,0.0,0.0
SAMP_0823,glass,8.63,0.0,43.6,28.9,0.0,0.0
SAMP_0824,plastic,37.98,0.0,25.1,19.6,0.0,0.0
SAMP_0825,plastic,20.38,0.0,34.0,64.6,0.0,0.0
SAMP_0826,mixed,7.09,0.12,33.0,43.3,0.304194,8.517432
SAMP_0827,organic,28.52,0.15,34.6,30.6,1.355372,37.950416
SAMP_0828,mixed,46.15,0.12,43.9,11.5,1.677766,46.977448
SAMP_0829,inert,13.09,0.0,29.4,53.9,0.0,0.0
SAMP_0830,wood,26.64,0.43,25.1,47.6,3.528285,98.79198
SAMP_0831,metal,26.78,0.0,27.4,24.8,0.0,0.0
SAMP_0832,textile,0.23,0.24,33.0,45.5,0.017911,0.501508
SAMP_0833,organic,47.8,0.15,28.9,33.8,2.384441,66.764348
SAMP_0834,inert,16.04,0.0,37.0,12.0,0.0,0.0
SAMP_0835,mixed,44.94,0.12,29.9,51.1,1.933431,54.136068
SAMP_0836,plastic,29.63,0.0,32.5,28.9,0.0,0.0
SAMP_0837,metal,13.1,0.0,28.2,47.4,0.0,0.0
SAMP_0838,organic,12.69,0.15,35.8,72.5,0.591629,16.565612
SAMP_0839,textile,45.81,0.24,38.9,50.7,3.831632,107.285696
SAMP_0840,organic,29.71,0.15,28.2,27.9,1.604968,44.939104
SAMP_0841,textile,34.5,0.24,35.3,65.8,2.730489,76.453692
SAMP_0842,organic,11.75,0.15,32.6,69.9,0.538198,15.069544
SAMP_0843,textile,24.43,0.24,32.4,67.8,1.94289,54.40092
SAMP_0844,textile,6.42,0.24,38.5,71.6,0.486984,13.635552
SAMP_0845,wood,14.98,0.43,29.3,10.1,2.054986,57.539608
SAMP_0846,metal,49.74,0.0,34.4,74.2,0.0,0.0
SAMP_0847,plastic,48.84,0.0,31.1,57.3,0.0,0.0
SAMP_0848,inert,33.42,0.0,35.2,66.5,0.0,0.0
SAMP_0849,plastic,34.72,0.0,31.4,78.1,0.0,0.0
SAMP_0850,glass,26.87,0.0,38.2,30.8,0.0,0.0
SAMP_0851,textile,39.73,0.24,41.3,51.0,3.322163,93.020564
SAMP_0852,inert,29.77,0.0,38.7,28.2,0.0,0.0
SAMP_0853,inert,33.94,0.0,34.9,57.9,0.0,0.0
SAMP_0854,glass,18.85,0.0,38.0,68.2,0.0,0.0
SAMP_0855,metal,48.74,0.0,28.0,28.3,0.0,0.0
SAMP_0856,textile,13.29,0.24,28.2,12.9,1.044048,29.233344
SAMP_0857,plastic,7.23,0.0,44.7,26.7,0.0,0.0
SAMP_0858,inert,27.45,0.0,38.3,72.7,0.0,0.0
SAMP_0859,paper,41.01,0.4,32.9,62.7,5.831432,163.280096
SAMP_0860,textile,37.65,0.24,40.5,13.2,2.80411,78.51508
SAMP_0861,inert,34.21,0.0,42.7,73.2,0.0,0.0
SAMP_0862,paper,30.69,0.4,35.0,14.9,4.155329,116.349212
SAMP_0863,metal,24.37,0.0,29.6,41.7,0.0,0.0
SAMP_0864,glass,32.18,0.0,37.4,34.6,0.0,0.0
SAMP_0865,textile,49.5,0.24,32.6,10.5,4.093572,114.620016
SAMP_0866,organic,29.97,0.15,31.8,22.7,1.375802,38.522456
SAMP_0867,textile,34.67,0.24,31.3,51.6,2.723594,76.260632
SAMP_0868,textile,45.11,0.24,32.9,54.6,3.951619,110.645332
SAMP_0869,inert,40.92,0.0,26.1,48.2,0.0,0.0
SAMP_0870,inert,41.88,0.0,30.6,23.6,0.0,0.0
SAMP_0871,organic,35.74,0.15,25.3,57.1,1.818862,50.928136
SAMP_0872,textile,41.21,0.24,44.2,37.2,3.294055,92.23354
SAMP_0873,textile,43.4,0.24,45.0,15.9,3.358822,94.047016
SAMP_0874,glass,34.38,0.0,35.9,71.6,0.0,0.0
SAMP_0875,wood,21.83,0.43,40.1,24.7,3.030729,84.860412
SAMP_0876,glass,20.82,0.0,26.2,17.9,0.0,0.0
SAMP_0877,glass,31.27,0.0,38.6,32.1,0.0,0.0
SAMP_0878,glass,14.93,0.0,39.2,78.4,0.0,0.0
SAMP_0879,wood,34.07,0.43,39.2,44.7,4.950823,138.623044
SAMP_0880,organic,8.35,0.15,28.2,34.6,0.444375,12.4425
SAMP_0881,glass,2.7,0.0,26.7,20.1,0.0,0.0
SAMP_0882,textile,11.28,0.24,32.7,38.9,0.883732,24.744496
SAMP_0883,plastic,47.5,0.0,44.1,34.1,0.0,0.0
SAMP_0884,plastic,12.87,0.0,27.1,26.9,0.0,0.0
SAMP_0885,wood,3.77,0.43,29.1,78.1,0.522849,14.639772
SAMP_0886,textile,47.38,0.24,44.3,35.4,3.900309,109.208652
SAMP_0887,textile,48.52,0.24,35.7,69.8,3.95937,110.86236
SAMP_0888,plastic,22.37,0.0,42.0,79.2,0.0,0.0
SAMP_0889,textile,14.4,0.24,30.0,11.6,1.172435,32.82818
SAMP_0890,organic,6.59,0.15,41.2,28.0,0.352086,9.858408
SAMP_0891,mixed,39.6,0.12,29.7,15.8,1.528254,42.791112
SAMP_0892,organic,4.14,0.15,28.6,46.9,0.194728,5.452384
SAMP_0893,glass,21.94,0.0,29.3,35.2,0.0,0.0
SAMP_0894,glass,9.2,0.0,43.7,61.7,0.0,0.0
SAMP_0895,textile,42.84,0.24,29.9,53.9,3.678012,102.984336
SAMP_0896,glass,28.54,0.0,29.3,27.3,0.0,0.0
SAMP_0897,plastic,16.47,0.0,30.9,27.6,0.0,0.0
SAMP_0898,wood,33.74,0.43,34.9,64.0,5.163165,144.56862
SAMP_0899,wood,15.77,0.43,42.1,36.8,2.284881,63.976668
SAMP_0900,paper,10.86,0.4,32.1,22.2,1.505593,42.156604
SAMP_0901,plastic,7.24,0.0,41.2,44.3,0.0,0.0
SAMP_0902,wood,37.31,0.43,31.5,33.0,4.903716,137.304048
SAMP_0903,wood,36.48,0.43,43.9,56.3,5.494399,153.843172
SAMP_0904,mixed,49.44,0.12,40.3,31.9,2.038007,57.064196
SAMP_0905,organic,6.65,0.15,41.7,69.2,0.306061,8.569708
SAMP_0906,paper,24.75,0.4,41.6,62.3,3.222704,90.235712
SAMP_0907,mixed,11.74,0.12,34.1,74.7,0.456686,12.787208
SAMP_0908,wood,3.35,0.43,27.8,79.3,0.492801,13.798428
SAMP_0909,paper,6.85,0.4,40.4,16.0,0.92438,25.88264
SAMP_0910,inert,19.71,0.0,27.9,77.2,0.0,0.0
SAMP_0911,organic,21.12,0.15,41.8,72.1,0.955073,26.742044
SAMP_0912,organic,22.8,0.15,26.1,74.3,1.136439,31.820292
SAMP_0913,organic,0.59,0.15,41.4,26.0,0.029481,0.825468
SAMP_0914,textile,2.73,0.24,25.6,73.1,0.211277,5.915756
SAMP_0915,mixed,0.84,0.12,37.0,74.1,0.033513,0.938364
SAMP_0916,inert,29.9,0.0,40.0,60.1,0.0,0.0
SAMP_0917,metal,48.16,0.0,40.9,37.1,0.0,0.0
SAMP_0918,textile,6.18,0.24,32.2,17.1,0.51038,14.29064
SAMP_0919,organic,45.98,0.15,39.1,23.3,2.136713,59.827964
SAMP_0920,wood,42.69,0.43,31.5,79.2,6.385911,178.805508
SAMP_0921,wood,46.97,0.43,38.1,38.8,7.129564,199.627792
SAMP_0922,inert,7.15,0.0,43.5,57.1,0.0,0.0
SAMP_0923,inert,23.94,0.0,29.7,78.9,0.0,0.0
SAMP_0924,textile,26.94,0.24,30.0,12.1,2.009064,56.253792
SAMP_0925,wood,46.57,0.43,29.8,43.0,7.336898,205.433144
SAMP_0926,wood,48.78,0.43,41.1,66.3,7.030514,196.854392
SAMP_0927,textile,1.72,0.24,40.3,23.1,0.129565,3.62782
SAMP_0928,plastic,41.66,0.0,27.5,33.3,0.0,0.0
SAMP_0929,metal,26.92,0.0,41.0,14.7,0.0,0.0
SAMP_0930,organic,5.1,0.15,41.1,58.7,0.27398,7.67144
SAMP_0931,metal,6.11,0.0,39.1,77.8,0.0,0.0
SAMP_0932,paper,16.65,0.4,39.6,41.1,2.227163,62.360564
SAMP_0933,metal,47.52,0.0,43.9,76.8,0.0,0.0
SAMP_0934,organic,27.13,0.15,40.7,56.1,1.384679,38.771012
SAMP_0935,wood,32.48,0.43,40.0,31.2,5.044947,141.258516
SAMP_0936,wood,28.48,0.43,28.2,49.8,4.314113,120.795164
SAMP_0937,organic,8.63,0.15,28.3,74.6,0.421925,11.8139
SAMP_0938,wood,13.79,0.43,34.8,75.7,1.957837,54.819436
SAMP_0939,textile,9.5,0.24,29.0,44.2,0.780976,21.867328
SAMP_0940,organic,8.83,0.15,35.6,13.1,0.469024,13.132672
SAMP_0941,mixed,5.12,0.12,32.5,31.3,0.220703,6.179684
SAMP_0942,mixed,16.2,0.12,42.0,45.0,0.615444,17.232432
SAMP_0943,glass,16.62,0.0,26.2,27.7,0.0,0.0
SAMP_0944,textile,42.87,0.24,42.1,69.4,3.477223,97.362244
SAMP_0945,glass,0.39,0.0,41.7,72.3,0.0,0.0
SAMP_0946,glass,22.19,0.0,39.4,45.7,0.0,0.0
SAMP_0947,glass,49.73,0.0,36.7,25.3,0.0,0.0
SAMP_0948,inert,9.98,0.0,43.3,56.0,0.0,0.0
SAMP_0949,metal,20.29,0.0,44.8,30.8,0.0,0.0
SAMP_0950,glass,29.74,0.0,30.1,40.9,0.0,0.0
SAMP_0951,wood,0.55,0.43,42.4,23.3,0.083635,2.34178
SAMP_0952,paper,44.78,0.4,27.1,64.1,6.527627,182.773556
SAMP_0953,glass,40.31,0.0,31.6,65.3,0.0,0.0
SAMP_0954,inert,23.47,0.0,32.8,48.2,0.0,0.0
SAMP_0955,inert,44.51,0.0,34.1,45.2,0.0,0.0
SAMP_0956,paper,30.46,0.4,40.0,11.7,3.843634,107.621752
SAMP_0957,mixed,27.54,0.12,42.3,49.9,1.19821,33.54988
SAMP_0958,textile,17.12,0.24,26.0,39.1,1.347919,37.741732
SAMP_0959,organic,28.41,0.15,37.4,48.7,1.373209,38.449852
SAMP_0960,plastic,13.23,0.0,27.9,59.3,0.0,0.0
SAMP_0961,paper,26.84,0.4,31.5,52.8,3.849535,107.78698
SAMP_0962,metal,49.34,0.0,33.0,25.1,0.0,0.0
SAMP_0963,mixed,45.44,0.12,43.7,38.8,1.676853,46.951884
SAMP_0964,paper,31.81,0.4,30.0,61.2,4.141875,115.9725
SAMP_0965,plastic,3.22,0.0,28.1,27.8,0.0,0.0
SAMP_0966,organic,11.17,0.15,39.7,10.6,0.528724,14.804272
SAMP_0967,mixed,18.02,0.12,40.1,15.3,0.687829,19.259212
SAMP_0968,paper,5.52,0.4,39.5,30.0,0.701642,19.645976
SAMP_0969,organic,38.72,0.15,44.8,10.1,1.742464,48.788992
SAMP_0970,wood,31.22,0.43,25.6,61.0,4.429344,124.021632
SAMP_0971,mixed,1.75,0.12,31.1,65.3,0.071154,1.992312
SAMP_0972,wood,16.99,0.43,43.2,21.0,2.564024,71.792672
SAMP_0973,mixed,2.73,0.12,37.7,10.1,0.114073,3.194044
SAMP_0974,mixed,41.41,0.12,36.2,17.6,1.499741,41.992748
SAMP_0975,wood,13.91,0.43,43.6,41.5,2.067707,57.895796
SAMP_0976,organic,17.14,0.15,36.3,61.6,0.789652,22.110256
SAMP_0977,metal,40.94,0.0,28.0,79.5,0.0,0.0
SAMP_0978,paper,7.79,0.4,34.6,63.6,0.992193,27.781404
SAMP_0979,glass,41.67,0.0,31.0,28.6,0.0,0.0
SAMP_0980,plastic,43.57,0.0,31.7,16.5,0.0,0.0
SAMP_0981,metal,1.27,0.0,44.8,61.7,0.0,0.0
SAMP_0982,glass,16.59,0.0,39.9,55.5,0.0,0.0
SAMP_0983,metal,13.97,0.0,35.4,22.2,0.0,0.0
SAMP_0984,wood,27.68,0.43,32.7,46.5,4.144498,116.045944
SAMP_0985,plastic,42.47,0.0,26.3,39.2,0.0,0.0
SAMP_0986,mixed,11.41,0.12,31.0,17.9,0.492965,13.80302
SAMP_0987,wood,21.62,0.43,36.3,68.5,3.382039,94.697092
SAMP_0988,paper,32.91,0.4,43.5,65.3,4.348088,121.746464
SAMP_0989,organic,30.46,0.15,28.5,12.5,1.607875,45.0205
SAMP_0990,metal,41.41,0.0,25.7,17.9,0.0,0.0
SAMP_0991,plastic,8.49,0.0,26.8,28.4,0.0,0.0
SAMP_0992,inert,13.61,0.0,34.6,28.0,0.0,0.0
SAMP_0993,plastic,24.59,0.0,26.2,56.6,0.0,0.0
SAMP_0994,wood,13.58,0.43,44.4,29.3,1.772021,49.616588
SAMP_0995,glass,4.88,0.0,28.3,42.8,0.0,0.0
SAMP_0996,wood,4.52,0.43,39.2,33.8,0.608959,17.050852
SAMP_0997,plastic,17.18,0.0,36.3,34.3,0.0,0.0
SAMP_0998,wood,20.88,0.43,25.2,41.2,3.055616,85.557248
SAMP_0999,organic,18.16,0.15,38.0,48.1,0.996111,27.891108
SAMP_1000,wood,3.94,0.43,34.1,69.6,0.593412,16.615536
